filename,width,height,class,xmin,ymin,xmax,ymax



yt-wWDzLhR4Jyo-0001_jpg.rf.004c8d22a1cd79d2743ee838e62afe78.jpg,640,640,Fruit,185,154,470,431
yt-wWDzLhR4Jyo-0052_jpg.rf.051e015f640e236a184c197f5a7e15bd.jpg,640,640,Vegetable,210,174,445,494
yt-wWDzLhR4Jyo-0044_jpg.rf.02330a51422b379d0ec6af6a504ff22e.jpg,640,640,Vegetable,197,167,460,419





yt-wWDzLhR4Jyo-0163_jpg.rf.0dec02ef1374586c70bbe9801efcb6af.jpg,640,640,Vegetable,170,167,467,494

yt-wWDzLhR4Jyo-0036_jpg.rf.137550422e3322926ee52d0152b4fd87.jpg,640,640,Fruit,200,198,470,475

yt-wWDzLhR4Jyo-0153_jpg.rf.1b024f7ecd9190659f0e7cfc41779c93.jpg,640,640,Fruit,156,195,434,470




yt-wWDzLhR4Jyo-0017_jpg.rf.1f57f18b4ecb51255b065308df271bed.jpg,640,640,Vegetable,177,163,469,493
yt-wWDzLhR4Jyo-0016_jpg.rf.1de49c4f25493507b367cab03a6e0722.jpg,640,640,Fruit,201,165,438,440


yt-wWDzLhR4Jyo-0063_jpg.rf.38e05ed17499e40ca460b103a078c777.jpg,640,640,Vegetable,210,178,406,462
yt-wWDzLhR4Jyo-0005_jpg.rf.2e59dd119a8f381924998001b8dd546a.jpg,640,640,Fruit,217,185,445,452


yt-wWDzLhR4Jyo-0037_jpg.rf.3644c11681488bfc5bc0429744edca50.jpg,640,640,Fruit,187,166,451,432

yt-wWDzLhR4Jyo-0142_jpg.rf.1c489581afccc65ea6f87917db760bd3.jpg,640,640,Fruit,165,159,489,477

yt-wWDzLhR4Jyo-0054_jpg.rf.3cc16c4cc297cf59c62e6e7189615381.jpg,640,640,Vegetable,194,186,446,465
yt-wWDzLhR4Jyo-0003_jpg.rf.3e3379021414aece2e1c1ebd22b3e6a1.jpg,640,640,Vegetable,167,156,465,430


yt-wWDzLhR4Jyo-0159_jpg.rf.490f8d2f7e3e098d6d9d477d7c187186.jpg,640,640,Fruit,190,186,439,471

yt-wWDzLhR4Jyo-0032_jpg.rf.42ccb7b144bca8181ee70ff72e39489f.jpg,640,640,Fruit,219,180,399,477

yt-wWDzLhR4Jyo-0081_jpg.rf.3d225f7e13126f1eca1066cc2e0181ef.jpg,640,640,Fruit,164,161,482,473
yt-wWDzLhR4Jyo-0096_jpg.rf.55868ea9db8a16fb9ceefdc8f037883c.jpg,640,640,Vegetable,180,144,463,445




yt-wWDzLhR4Jyo-0034_jpg.rf.5b6294cdd3ac941f6aa96f97a5750b0f.jpg,640,640,Fruit,183,156,479,479
yt-wWDzLhR4Jyo-0015_jpg.rf.49d35237d8699f56b0b95a1f8ca71e8b.jpg,640,640,Fruit,183,160,458,481
yt-wWDzLhR4Jyo-0101_jpg.rf.4de61b1774f76eab4c3a7eae8588462f.jpg,640,640,Fruit,158,192,466,482
yt-wWDzLhR4Jyo-0021_jpg.rf.4b9af67c2e4fbe794ce94c9936626d30.jpg,640,640,Vegetable,173,149,475,482

yt-wWDzLhR4Jyo-0053_jpg.rf.461db8d887e90bfd58b1186508559690.jpg,640,640,Vegetable,217,147,444,432


yt-wWDzLhR4Jyo-0040_jpg.rf.439bfee8b375c722c114c49dd1710c25.jpg,640,640,Fruit,166,170,469,475

yt-wWDzLhR4Jyo-0059_jpg.rf.711cb917869844f0796da2bc8e661724.jpg,640,640,Vegetable,160,148,462,447
yt-wWDzLhR4Jyo-0057_jpg.rf.5a506cb0b5caf4d8c285528bd3322482.jpg,640,640,Vegetable,208,159,437,436
yt-wWDzLhR4Jyo-0014_jpg.rf.6c575e54e9b9f1de0915fadd4cdd4b7e.jpg,640,640,Vegetable,181,154,461,424
yt-wWDzLhR4Jyo-0099_jpg.rf.8ae35050a731a66fbf4e9145e11e0c5d.jpg,640,640,Vegetable,180,177,438,456
yt-wWDzLhR4Jyo-0045_jpg.rf.6d0732ece09f6092e2c42d8145d6dbe5.jpg,640,640,Vegetable,197,163,427,473
yt-wWDzLhR4Jyo-0055_jpg.rf.74b92a28a33f0b3f7c9326740b94741c.jpg,640,640,Vegetable,217,160,423,398

yt-wWDzLhR4Jyo-0010_jpg.rf.86859234130cdb6f7f143cff8d49b658.jpg,640,640,Vegetable,179,163,468,435

yt-wWDzLhR4Jyo-0007_jpg.rf.81b1c6b26ae33819e0c5247913241288.jpg,640,640,Fruit,232,160,449,465
yt-wWDzLhR4Jyo-0056_jpg.rf.7ddd91f682e1be3d35608f7ccbf7d27a.jpg,640,640,Vegetable,192,166,432,489


yt-wWDzLhR4Jyo-0038_jpg.rf.8c26c8c7e70aaf7cf9e7c618334b66c1.jpg,640,640,Fruit,162,169,483,451
yt-wWDzLhR4Jyo-0071_jpg.rf.9a51b29b92f4f8c5a4f2a60ed2d8aeae.jpg,640,640,Fruit,169,165,467,496
yt-wWDzLhR4Jyo-0134_jpg.rf.6bc37e289ec931d0dd5f02ee4b9833e6.jpg,640,640,Fruit,172,173,488,482
yt-wWDzLhR4Jyo-0035_jpg.rf.90b045502485f33cc1cc6a8f0cf21951.jpg,640,640,Fruit,194,146,456,451
yt-wWDzLhR4Jyo-0151_jpg.rf.86f99df9fad2ac0d2fc60c8536a64a7c.jpg,640,640,Fruit,171,167,502,494
yt-wWDzLhR4Jyo-0121_jpg.rf.96e90d5c3eb0c6f4fdeaa83e7db4148b.jpg,640,640,Vegetable,220,131,475,458
yt-wWDzLhR4Jyo-0120_jpg.rf.85e7c6b06a0114f845252a27388ef133.jpg,640,640,Vegetable,194,204,407,501

yt-wWDzLhR4Jyo-0024_jpg.rf.9b9c860c2f90bfc0520172b60ac6d1b9.jpg,640,640,Vegetable,183,147,446,420

yt-wWDzLhR4Jyo-0110_jpg.rf.a1c6cf636c8ebae1c863680264d4da5b.jpg,640,640,Fruit,177,164,467,490

yt-wWDzLhR4Jyo-0079_jpg.rf.a03f2f2305dc0a8c0ef4cf5c07f580f4.jpg,640,640,Vegetable,163,147,470,498
yt-wWDzLhR4Jyo-0046_jpg.rf.9cac6801fee8b59b748dd2b18cffe65e.jpg,640,640,Vegetable,200,145,426,459


yt-wWDzLhR4Jyo-0028_jpg.rf.aa7301e254dc7317fae262b56c6bcfe2.jpg,640,640,Fruit,193,161,435,485

yt-wWDzLhR4Jyo-0074_jpg.rf.a73ee10dbbf7bc414bb2a501ae5b6f45.jpg,640,640,Fruit,214,160,451,422
yt-wWDzLhR4Jyo-0075_jpg.rf.a6afcb489a372acd7166b7a46d63391a.jpg,640,640,Fruit,158,171,419,446
yt-wWDzLhR4Jyo-0022_jpg.rf.bd492d7f946daec675176a2f9f431d35.jpg,640,640,Vegetable,177,159,465,444


yt-wWDzLhR4Jyo-0103_jpg.rf.b32b4117c947c6584604d9cd7dacd3df.jpg,640,640,Vegetable,168,171,480,477

yt-wWDzLhR4Jyo-0011_jpg.rf.c6beb4c12118a6fdd0625eea808bcef8.jpg,640,640,Fruit,165,180,467,474
yt-wWDzLhR4Jyo-0050_jpg.rf.c66999a5f707351e14ff9d6f5a584aab.jpg,640,640,Vegetable,232,166,422,396
yt-wWDzLhR4Jyo-0061_jpg.rf.b153672b89ad78c964f3a20981fa801a.jpg,640,640,Vegetable,190,143,454,425
yt-wWDzLhR4Jyo-0058_jpg.rf.afe2de2a83c9d071ddc28076b5884aef.jpg,640,640,Vegetable,155,165,483,486
yt-wWDzLhR4Jyo-0026_jpg.rf.cbc0dd25f3e333bc4d867eadf9c97a14.jpg,640,640,Fruit,184,141,470,457




yt-wWDzLhR4Jyo-0073_jpg.rf.c7ce0e14e6bb998ca3d018f208a7a948.jpg,640,640,Fruit,171,178,470,461



yt-wWDzLhR4Jyo-0069_jpg.rf.d9653a86e042bab7d2000aad534e40b8.jpg,640,640,Fruit,160,168,440,469

yt-wWDzLhR4Jyo-0002_jpg.rf.b9681c60bdc49417cd5e7ced66b14e4c.jpg,640,640,Vegetable,146,166,483,479
yt-wWDzLhR4Jyo-0097_jpg.rf.b571c0fc4fcf0a207d60e8742586b958.jpg,640,640,Fruit,202,160,435,478



yt-wWDzLhR4Jyo-0020_jpg.rf.e28e369517558b9925fe508195ae428c.jpg,640,640,Fruit,180,161,464,451

yt-wWDzLhR4Jyo-0000_jpg.rf.f34f5e1d510188b8f42f666d02d4cf02.jpg,640,640,Fruit,197,181,479,488

yt-wWDzLhR4Jyo-0013_jpg.rf.f100b2cbd1e9df252dcabe49f6f1c845.jpg,640,640,Vegetable,166,161,485,486
yt-wWDzLhR4Jyo-0033_jpg.rf.e6c6153f3777eaf0ad3ebac2ac15deb7.jpg,640,640,Fruit,224,168,404,457
yt-wWDzLhR4Jyo-0093_jpg.rf.fec6a18ce89bac92e14d0faa42fc238b.jpg,640,640,Vegetable,158,171,472,457
